id,url,repository_url,labels_url,login,id,node_id,avatar_url,gravatar_id,url,html_url,followers_url,following_url,gists_url,starred_url,subscriptions_url,organizations_url,repos_url,events_url,received_events_url,type,site_admin
1439509584,https://api.github.com/repos/pandas-dev/pandas/issues/49574,https://api.github.com/repos/pandas-dev/pandas,https://api.github.com/repos/pandas-dev/pandas/issues/49574/labels{/name}, topper-123,  26364415,  MDQ6VXNlcjI2MzY0NDE1,  https://avatars.githubusercontent.com/u/26364415?v=4,  ,  https://api.github.com/users/topper-123,  https://github.com/topper-123,  https://api.github.com/users/topper-123/followers,  https://api.github.com/users/topper-123/following{/other_user,  https://api.github.com/users/topper-123/gists{/gist_id,  https://api.github.com/users/topper-123/starred{/owner{/repo,  https://api.github.com/users/topper-123/subscriptions,  https://api.github.com/users/topper-123/orgs,  https://api.github.com/users/topper-123/repos,  https://api.github.com/users/topper-123/events{/privacy,  https://api.github.com/users/topper-123/received_events,  User,  False
1439500185,https://api.github.com/repos/pandas-dev/pandas/issues/49573,https://api.github.com/repos/pandas-dev/pandas,https://api.github.com/repos/pandas-dev/pandas/issues/49573/labels{/name}, topper-123,  26364415,  MDQ6VXNlcjI2MzY0NDE1,  https://avatars.githubusercontent.com/u/26364415?v=4,  ,  https://api.github.com/users/topper-123,  https://github.com/topper-123,  https://api.github.com/users/topper-123/followers,  https://api.github.com/users/topper-123/following{/other_user,  https://api.github.com/users/topper-123/gists{/gist_id,  https://api.github.com/users/topper-123/starred{/owner{/repo,  https://api.github.com/users/topper-123/subscriptions,  https://api.github.com/users/topper-123/orgs,  https://api.github.com/users/topper-123/repos,  https://api.github.com/users/topper-123/events{/privacy,  https://api.github.com/users/topper-123/received_events,  User,  False
1439409786,https://api.github.com/repos/pandas-dev/pandas/issues/49572,https://api.github.com/repos/pandas-dev/pandas,https://api.github.com/repos/pandas-dev/pandas/issues/49572/labels{/name}, topper-123,  26364415,  MDQ6VXNlcjI2MzY0NDE1,  https://avatars.githubusercontent.com/u/26364415?v=4,  ,  https://api.github.com/users/topper-123,  https://github.com/topper-123,  https://api.github.com/users/topper-123/followers,  https://api.github.com/users/topper-123/following{/other_user,  https://api.github.com/users/topper-123/gists{/gist_id,  https://api.github.com/users/topper-123/starred{/owner{/repo,  https://api.github.com/users/topper-123/subscriptions,  https://api.github.com/users/topper-123/orgs,  https://api.github.com/users/topper-123/repos,  https://api.github.com/users/topper-123/events{/privacy,  https://api.github.com/users/topper-123/received_events,  User,  False
1439252530,https://api.github.com/repos/pandas-dev/pandas/issues/49571,https://api.github.com/repos/pandas-dev/pandas,https://api.github.com/repos/pandas-dev/pandas/issues/49571/labels{/name}, Samreay,  6748505,  MDQ6VXNlcjY3NDg1MDU=,  https://avatars.githubusercontent.com/u/6748505?v=4,  ,  https://api.github.com/users/Samreay,  https://github.com/Samreay,  https://api.github.com/users/Samreay/followers,  https://api.github.com/users/Samreay/following{/other_user,  https://api.github.com/users/Samreay/gists{/gist_id,  https://api.github.com/users/Samreay/starred{/owner{/repo,  https://api.github.com/users/Samreay/subscriptions,  https://api.github.com/users/Samreay/orgs,  https://api.github.com/users/Samreay/repos,  https://api.github.com/users/Samreay/events{/privacy,  https://api.github.com/users/Samreay/received_events,  User,  False
1439212769,https://api.github.com/repos/pandas-dev/pandas/issues/49570,https://api.github.com/repos/pandas-dev/pandas,https://api.github.com/repos/pandas-dev/pandas/issues/49570/labels{/name}, mroeschke,  10647082,  MDQ6VXNlcjEwNjQ3MDgy,  https://avatars.githubusercontent.com/u/10647082?v=4,  ,  https://api.github.com/users/mroeschke,  https://github.com/mroeschke,  https://api.github.com/users/mroeschke/followers,  https://api.github.com/users/mroeschke/following{/other_user,  https://api.github.com/users/mroeschke/gists{/gist_id,  https://api.github.com/users/mroeschke/starred{/owner{/repo,  https://api.github.com/users/mroeschke/subscriptions,  https://api.github.com/users/mroeschke/orgs,  https://api.github.com/users/mroeschke/repos,  https://api.github.com/users/mroeschke/events{/privacy,  https://api.github.com/users/mroeschke/received_events,  User,  False
1439178664,https://api.github.com/repos/pandas-dev/pandas/issues/49569,https://api.github.com/repos/pandas-dev/pandas,https://api.github.com/repos/pandas-dev/pandas/issues/49569/labels{/name}, mroeschke,  10647082,  MDQ6VXNlcjEwNjQ3MDgy,  https://avatars.githubusercontent.com/u/10647082?v=4,  ,  https://api.github.com/users/mroeschke,  https://github.com/mroeschke,  https://api.github.com/users/mroeschke/followers,  https://api.github.com/users/mroeschke/following{/other_user,  https://api.github.com/users/mroeschke/gists{/gist_id,  https://api.github.com/users/mroeschke/starred{/owner{/repo,  https://api.github.com/users/mroeschke/subscriptions,  https://api.github.com/users/mroeschke/orgs,  https://api.github.com/users/mroeschke/repos,  https://api.github.com/users/mroeschke/events{/privacy,  https://api.github.com/users/mroeschke/received_events,  User,  False
1438989277,https://api.github.com/repos/pandas-dev/pandas/issues/49568,https://api.github.com/repos/pandas-dev/pandas,https://api.github.com/repos/pandas-dev/pandas/issues/49568/labels{/name}, Zaijab,  40334752,  MDQ6VXNlcjQwMzM0NzUy,  https://avatars.githubusercontent.com/u/40334752?v=4,  ,  https://api.github.com/users/Zaijab,  https://github.com/Zaijab,  https://api.github.com/users/Zaijab/followers,  https://api.github.com/users/Zaijab/following{/other_user,  https://api.github.com/users/Zaijab/gists{/gist_id,  https://api.github.com/users/Zaijab/starred{/owner{/repo,  https://api.github.com/users/Zaijab/subscriptions,  https://api.github.com/users/Zaijab/orgs,  https://api.github.com/users/Zaijab/repos,  https://api.github.com/users/Zaijab/events{/privacy,  https://api.github.com/users/Zaijab/received_events,  User,  False
1438695744,https://api.github.com/repos/pandas-dev/pandas/issues/49567,https://api.github.com/repos/pandas-dev/pandas,https://api.github.com/repos/pandas-dev/pandas/issues/49567/labels{/name}, rwijtvliet,  4106013,  MDQ6VXNlcjQxMDYwMTM=,  https://avatars.githubusercontent.com/u/4106013?v=4,  ,  https://api.github.com/users/rwijtvliet,  https://github.com/rwijtvliet,  https://api.github.com/users/rwijtvliet/followers,  https://api.github.com/users/rwijtvliet/following{/other_user,  https://api.github.com/users/rwijtvliet/gists{/gist_id,  https://api.github.com/users/rwijtvliet/starred{/owner{/repo,  https://api.github.com/users/rwijtvliet/subscriptions,  https://api.github.com/users/rwijtvliet/orgs,  https://api.github.com/users/rwijtvliet/repos,  https://api.github.com/users/rwijtvliet/events{/privacy,  https://api.github.com/users/rwijtvliet/received_events,  User,  False
1438689491,https://api.github.com/repos/pandas-dev/pandas/issues/49566,https://api.github.com/repos/pandas-dev/pandas,https://api.github.com/repos/pandas-dev/pandas/issues/49566/labels{/name}, jbrockmendel,  8078968,  MDQ6VXNlcjgwNzg5Njg=,  https://avatars.githubusercontent.com/u/8078968?v=4,  ,  https://api.github.com/users/jbrockmendel,  https://github.com/jbrockmendel,  https://api.github.com/users/jbrockmendel/followers,  https://api.github.com/users/jbrockmendel/following{/other_user,  https://api.github.com/users/jbrockmendel/gists{/gist_id,  https://api.github.com/users/jbrockmendel/starred{/owner{/repo,  https://api.github.com/users/jbrockmendel/subscriptions,  https://api.github.com/users/jbrockmendel/orgs,  https://api.github.com/users/jbrockmendel/repos,  https://api.github.com/users/jbrockmendel/events{/privacy,  https://api.github.com/users/jbrockmendel/received_events,  User,  False
1438664984,https://api.github.com/repos/pandas-dev/pandas/issues/49565,https://api.github.com/repos/pandas-dev/pandas,https://api.github.com/repos/pandas-dev/pandas/issues/49565/labels{/name}, rwijtvliet,  4106013,  MDQ6VXNlcjQxMDYwMTM=,  https://avatars.githubusercontent.com/u/4106013?v=4,  ,  https://api.github.com/users/rwijtvliet,  https://github.com/rwijtvliet,  https://api.github.com/users/rwijtvliet/followers,  https://api.github.com/users/rwijtvliet/following{/other_user,  https://api.github.com/users/rwijtvliet/gists{/gist_id,  https://api.github.com/users/rwijtvliet/starred{/owner{/repo,  https://api.github.com/users/rwijtvliet/subscriptions,  https://api.github.com/users/rwijtvliet/orgs,  https://api.github.com/users/rwijtvliet/repos,  https://api.github.com/users/rwijtvliet/events{/privacy,  https://api.github.com/users/rwijtvliet/received_events,  User,  False
1437669869,https://api.github.com/repos/pandas-dev/pandas/issues/49561,https://api.github.com/repos/pandas-dev/pandas,https://api.github.com/repos/pandas-dev/pandas/issues/49561/labels{/name}, WindSoilder,  22256154,  MDQ6VXNlcjIyMjU2MTU0,  https://avatars.githubusercontent.com/u/22256154?v=4,  ,  https://api.github.com/users/WindSoilder,  https://github.com/WindSoilder,  https://api.github.com/users/WindSoilder/followers,  https://api.github.com/users/WindSoilder/following{/other_user,  https://api.github.com/users/WindSoilder/gists{/gist_id,  https://api.github.com/users/WindSoilder/starred{/owner{/repo,  https://api.github.com/users/WindSoilder/subscriptions,  https://api.github.com/users/WindSoilder/orgs,  https://api.github.com/users/WindSoilder/repos,  https://api.github.com/users/WindSoilder/events{/privacy,  https://api.github.com/users/WindSoilder/received_events,  User,  False
1437564458,https://api.github.com/repos/pandas-dev/pandas/issues/49560,https://api.github.com/repos/pandas-dev/pandas,https://api.github.com/repos/pandas-dev/pandas/issues/49560/labels{/name}, topper-123,  26364415,  MDQ6VXNlcjI2MzY0NDE1,  https://avatars.githubusercontent.com/u/26364415?v=4,  ,  https://api.github.com/users/topper-123,  https://github.com/topper-123,  https://api.github.com/users/topper-123/followers,  https://api.github.com/users/topper-123/following{/other_user,  https://api.github.com/users/topper-123/gists{/gist_id,  https://api.github.com/users/topper-123/starred{/owner{/repo,  https://api.github.com/users/topper-123/subscriptions,  https://api.github.com/users/topper-123/orgs,  https://api.github.com/users/topper-123/repos,  https://api.github.com/users/topper-123/events{/privacy,  https://api.github.com/users/topper-123/received_events,  User,  False
1437421997,https://api.github.com/repos/pandas-dev/pandas/issues/49558,https://api.github.com/repos/pandas-dev/pandas,https://api.github.com/repos/pandas-dev/pandas/issues/49558/labels{/name}, lukemanley,  8519523,  MDQ6VXNlcjg1MTk1MjM=,  https://avatars.githubusercontent.com/u/8519523?v=4,  ,  https://api.github.com/users/lukemanley,  https://github.com/lukemanley,  https://api.github.com/users/lukemanley/followers,  https://api.github.com/users/lukemanley/following{/other_user,  https://api.github.com/users/lukemanley/gists{/gist_id,  https://api.github.com/users/lukemanley/starred{/owner{/repo,  https://api.github.com/users/lukemanley/subscriptions,  https://api.github.com/users/lukemanley/orgs,  https://api.github.com/users/lukemanley/repos,  https://api.github.com/users/lukemanley/events{/privacy,  https://api.github.com/users/lukemanley/received_events,  User,  False
1437413301,https://api.github.com/repos/pandas-dev/pandas/issues/49557,https://api.github.com/repos/pandas-dev/pandas,https://api.github.com/repos/pandas-dev/pandas/issues/49557/labels{/name}, Th3nn3ss,  25160953,  MDQ6VXNlcjI1MTYwOTUz,  https://avatars.githubusercontent.com/u/25160953?v=4,  ,  https://api.github.com/users/Th3nn3ss,  https://github.com/Th3nn3ss,  https://api.github.com/users/Th3nn3ss/followers,  https://api.github.com/users/Th3nn3ss/following{/other_user,  https://api.github.com/users/Th3nn3ss/gists{/gist_id,  https://api.github.com/users/Th3nn3ss/starred{/owner{/repo,  https://api.github.com/users/Th3nn3ss/subscriptions,  https://api.github.com/users/Th3nn3ss/orgs,  https://api.github.com/users/Th3nn3ss/repos,  https://api.github.com/users/Th3nn3ss/events{/privacy,  https://api.github.com/users/Th3nn3ss/received_events,  User,  False
1437344089,https://api.github.com/repos/pandas-dev/pandas/issues/49556,https://api.github.com/repos/pandas-dev/pandas,https://api.github.com/repos/pandas-dev/pandas/issues/49556/labels{/name}, ramvikrams,  106332857,  U_kgDOBlaCuQ,  https://avatars.githubusercontent.com/u/106332857?v=4,  ,  https://api.github.com/users/ramvikrams,  https://github.com/ramvikrams,  https://api.github.com/users/ramvikrams/followers,  https://api.github.com/users/ramvikrams/following{/other_user,  https://api.github.com/users/ramvikrams/gists{/gist_id,  https://api.github.com/users/ramvikrams/starred{/owner{/repo,  https://api.github.com/users/ramvikrams/subscriptions,  https://api.github.com/users/ramvikrams/orgs,  https://api.github.com/users/ramvikrams/repos,  https://api.github.com/users/ramvikrams/events{/privacy,  https://api.github.com/users/ramvikrams/received_events,  User,  False
1437318794,https://api.github.com/repos/pandas-dev/pandas/issues/49555,https://api.github.com/repos/pandas-dev/pandas,https://api.github.com/repos/pandas-dev/pandas/issues/49555/labels{/name}, Th3nn3ss,  25160953,  MDQ6VXNlcjI1MTYwOTUz,  https://avatars.githubusercontent.com/u/25160953?v=4,  ,  https://api.github.com/users/Th3nn3ss,  https://github.com/Th3nn3ss,  https://api.github.com/users/Th3nn3ss/followers,  https://api.github.com/users/Th3nn3ss/following{/other_user,  https://api.github.com/users/Th3nn3ss/gists{/gist_id,  https://api.github.com/users/Th3nn3ss/starred{/owner{/repo,  https://api.github.com/users/Th3nn3ss/subscriptions,  https://api.github.com/users/Th3nn3ss/orgs,  https://api.github.com/users/Th3nn3ss/repos,  https://api.github.com/users/Th3nn3ss/events{/privacy,  https://api.github.com/users/Th3nn3ss/received_events,  User,  False
1437314863,https://api.github.com/repos/pandas-dev/pandas/issues/49553,https://api.github.com/repos/pandas-dev/pandas,https://api.github.com/repos/pandas-dev/pandas/issues/49553/labels{/name}, csala,  6129283,  MDQ6VXNlcjYxMjkyODM=,  https://avatars.githubusercontent.com/u/6129283?v=4,  ,  https://api.github.com/users/csala,  https://github.com/csala,  https://api.github.com/users/csala/followers,  https://api.github.com/users/csala/following{/other_user,  https://api.github.com/users/csala/gists{/gist_id,  https://api.github.com/users/csala/starred{/owner{/repo,  https://api.github.com/users/csala/subscriptions,  https://api.github.com/users/csala/orgs,  https://api.github.com/users/csala/repos,  https://api.github.com/users/csala/events{/privacy,  https://api.github.com/users/csala/received_events,  User,  False
1437194901,https://api.github.com/repos/pandas-dev/pandas/issues/49551,https://api.github.com/repos/pandas-dev/pandas,https://api.github.com/repos/pandas-dev/pandas/issues/49551/labels{/name}, rhshadrach,  45562402,  MDQ6VXNlcjQ1NTYyNDAy,  https://avatars.githubusercontent.com/u/45562402?v=4,  ,  https://api.github.com/users/rhshadrach,  https://github.com/rhshadrach,  https://api.github.com/users/rhshadrach/followers,  https://api.github.com/users/rhshadrach/following{/other_user,  https://api.github.com/users/rhshadrach/gists{/gist_id,  https://api.github.com/users/rhshadrach/starred{/owner{/repo,  https://api.github.com/users/rhshadrach/subscriptions,  https://api.github.com/users/rhshadrach/orgs,  https://api.github.com/users/rhshadrach/repos,  https://api.github.com/users/rhshadrach/events{/privacy,  https://api.github.com/users/rhshadrach/received_events,  User,  False
1437021063,https://api.github.com/repos/pandas-dev/pandas/issues/49543,https://api.github.com/repos/pandas-dev/pandas,https://api.github.com/repos/pandas-dev/pandas/issues/49543/labels{/name}, rhshadrach,  45562402,  MDQ6VXNlcjQ1NTYyNDAy,  https://avatars.githubusercontent.com/u/45562402?v=4,  ,  https://api.github.com/users/rhshadrach,  https://github.com/rhshadrach,  https://api.github.com/users/rhshadrach/followers,  https://api.github.com/users/rhshadrach/following{/other_user,  https://api.github.com/users/rhshadrach/gists{/gist_id,  https://api.github.com/users/rhshadrach/starred{/owner{/repo,  https://api.github.com/users/rhshadrach/subscriptions,  https://api.github.com/users/rhshadrach/orgs,  https://api.github.com/users/rhshadrach/repos,  https://api.github.com/users/rhshadrach/events{/privacy,  https://api.github.com/users/rhshadrach/received_events,  User,  False
1436725261,https://api.github.com/repos/pandas-dev/pandas/issues/49540,https://api.github.com/repos/pandas-dev/pandas,https://api.github.com/repos/pandas-dev/pandas/issues/49540/labels{/name}, topper-123,  26364415,  MDQ6VXNlcjI2MzY0NDE1,  https://avatars.githubusercontent.com/u/26364415?v=4,  ,  https://api.github.com/users/topper-123,  https://github.com/topper-123,  https://api.github.com/users/topper-123/followers,  https://api.github.com/users/topper-123/following{/other_user,  https://api.github.com/users/topper-123/gists{/gist_id,  https://api.github.com/users/topper-123/starred{/owner{/repo,  https://api.github.com/users/topper-123/subscriptions,  https://api.github.com/users/topper-123/orgs,  https://api.github.com/users/topper-123/repos,  https://api.github.com/users/topper-123/events{/privacy,  https://api.github.com/users/topper-123/received_events,  User,  False
1436648736,https://api.github.com/repos/pandas-dev/pandas/issues/49536,https://api.github.com/repos/pandas-dev/pandas,https://api.github.com/repos/pandas-dev/pandas/issues/49536/labels{/name}, topper-123,  26364415,  MDQ6VXNlcjI2MzY0NDE1,  https://avatars.githubusercontent.com/u/26364415?v=4,  ,  https://api.github.com/users/topper-123,  https://github.com/topper-123,  https://api.github.com/users/topper-123/followers,  https://api.github.com/users/topper-123/following{/other_user,  https://api.github.com/users/topper-123/gists{/gist_id,  https://api.github.com/users/topper-123/starred{/owner{/repo,  https://api.github.com/users/topper-123/subscriptions,  https://api.github.com/users/topper-123/orgs,  https://api.github.com/users/topper-123/repos,  https://api.github.com/users/topper-123/events{/privacy,  https://api.github.com/users/topper-123/received_events,  User,  False
1436645502,https://api.github.com/repos/pandas-dev/pandas/issues/49535,https://api.github.com/repos/pandas-dev/pandas,https://api.github.com/repos/pandas-dev/pandas/issues/49535/labels{/name}, topper-123,  26364415,  MDQ6VXNlcjI2MzY0NDE1,  https://avatars.githubusercontent.com/u/26364415?v=4,  ,  https://api.github.com/users/topper-123,  https://github.com/topper-123,  https://api.github.com/users/topper-123/followers,  https://api.github.com/users/topper-123/following{/other_user,  https://api.github.com/users/topper-123/gists{/gist_id,  https://api.github.com/users/topper-123/starred{/owner{/repo,  https://api.github.com/users/topper-123/subscriptions,  https://api.github.com/users/topper-123/orgs,  https://api.github.com/users/topper-123/repos,  https://api.github.com/users/topper-123/events{/privacy,  https://api.github.com/users/topper-123/received_events,  User,  False
1436612625,https://api.github.com/repos/pandas-dev/pandas/issues/49534,https://api.github.com/repos/pandas-dev/pandas,https://api.github.com/repos/pandas-dev/pandas/issues/49534/labels{/name}, thlautenschlaeger,  33692555,  MDQ6VXNlcjMzNjkyNTU1,  https://avatars.githubusercontent.com/u/33692555?v=4,  ,  https://api.github.com/users/thlautenschlaeger,  https://github.com/thlautenschlaeger,  https://api.github.com/users/thlautenschlaeger/followers,  https://api.github.com/users/thlautenschlaeger/following{/other_user,  https://api.github.com/users/thlautenschlaeger/gists{/gist_id,  https://api.github.com/users/thlautenschlaeger/starred{/owner{/repo,  https://api.github.com/users/thlautenschlaeger/subscriptions,  https://api.github.com/users/thlautenschlaeger/orgs,  https://api.github.com/users/thlautenschlaeger/repos,  https://api.github.com/users/thlautenschlaeger/events{/privacy,  https://api.github.com/users/thlautenschlaeger/received_events,  User,  False
1436516388,https://api.github.com/repos/pandas-dev/pandas/issues/49531,https://api.github.com/repos/pandas-dev/pandas,https://api.github.com/repos/pandas-dev/pandas/issues/49531/labels{/name}, cdcadman,  51368516,  MDQ6VXNlcjUxMzY4NTE2,  https://avatars.githubusercontent.com/u/51368516?v=4,  ,  https://api.github.com/users/cdcadman,  https://github.com/cdcadman,  https://api.github.com/users/cdcadman/followers,  https://api.github.com/users/cdcadman/following{/other_user,  https://api.github.com/users/cdcadman/gists{/gist_id,  https://api.github.com/users/cdcadman/starred{/owner{/repo,  https://api.github.com/users/cdcadman/subscriptions,  https://api.github.com/users/cdcadman/orgs,  https://api.github.com/users/cdcadman/repos,  https://api.github.com/users/cdcadman/events{/privacy,  https://api.github.com/users/cdcadman/received_events,  User,  False
1436404946,https://api.github.com/repos/pandas-dev/pandas/issues/49528,https://api.github.com/repos/pandas-dev/pandas,https://api.github.com/repos/pandas-dev/pandas/issues/49528/labels{/name}, arnaudlegout,  7670869,  MDQ6VXNlcjc2NzA4Njk=,  https://avatars.githubusercontent.com/u/7670869?v=4,  ,  https://api.github.com/users/arnaudlegout,  https://github.com/arnaudlegout,  https://api.github.com/users/arnaudlegout/followers,  https://api.github.com/users/arnaudlegout/following{/other_user,  https://api.github.com/users/arnaudlegout/gists{/gist_id,  https://api.github.com/users/arnaudlegout/starred{/owner{/repo,  https://api.github.com/users/arnaudlegout/subscriptions,  https://api.github.com/users/arnaudlegout/orgs,  https://api.github.com/users/arnaudlegout/repos,  https://api.github.com/users/arnaudlegout/events{/privacy,  https://api.github.com/users/arnaudlegout/received_events,  User,  False
1436218012,https://api.github.com/repos/pandas-dev/pandas/issues/49524,https://api.github.com/repos/pandas-dev/pandas,https://api.github.com/repos/pandas-dev/pandas/issues/49524/labels{/name}, jorisvandenbossche,  1020496,  MDQ6VXNlcjEwMjA0OTY=,  https://avatars.githubusercontent.com/u/1020496?v=4,  ,  https://api.github.com/users/jorisvandenbossche,  https://github.com/jorisvandenbossche,  https://api.github.com/users/jorisvandenbossche/followers,  https://api.github.com/users/jorisvandenbossche/following{/other_user,  https://api.github.com/users/jorisvandenbossche/gists{/gist_id,  https://api.github.com/users/jorisvandenbossche/starred{/owner{/repo,  https://api.github.com/users/jorisvandenbossche/subscriptions,  https://api.github.com/users/jorisvandenbossche/orgs,  https://api.github.com/users/jorisvandenbossche/repos,  https://api.github.com/users/jorisvandenbossche/events{/privacy,  https://api.github.com/users/jorisvandenbossche/received_events,  User,  False
1436182701,https://api.github.com/repos/pandas-dev/pandas/issues/49523,https://api.github.com/repos/pandas-dev/pandas,https://api.github.com/repos/pandas-dev/pandas/issues/49523/labels{/name}, jorisvandenbossche,  1020496,  MDQ6VXNlcjEwMjA0OTY=,  https://avatars.githubusercontent.com/u/1020496?v=4,  ,  https://api.github.com/users/jorisvandenbossche,  https://github.com/jorisvandenbossche,  https://api.github.com/users/jorisvandenbossche/followers,  https://api.github.com/users/jorisvandenbossche/following{/other_user,  https://api.github.com/users/jorisvandenbossche/gists{/gist_id,  https://api.github.com/users/jorisvandenbossche/starred{/owner{/repo,  https://api.github.com/users/jorisvandenbossche/subscriptions,  https://api.github.com/users/jorisvandenbossche/orgs,  https://api.github.com/users/jorisvandenbossche/repos,  https://api.github.com/users/jorisvandenbossche/events{/privacy,  https://api.github.com/users/jorisvandenbossche/received_events,  User,  False
1436041637,https://api.github.com/repos/pandas-dev/pandas/issues/49521,https://api.github.com/repos/pandas-dev/pandas,https://api.github.com/repos/pandas-dev/pandas/issues/49521/labels{/name}, anbjork,  37732575,  MDQ6VXNlcjM3NzMyNTc1,  https://avatars.githubusercontent.com/u/37732575?v=4,  ,  https://api.github.com/users/anbjork,  https://github.com/anbjork,  https://api.github.com/users/anbjork/followers,  https://api.github.com/users/anbjork/following{/other_user,  https://api.github.com/users/anbjork/gists{/gist_id,  https://api.github.com/users/anbjork/starred{/owner{/repo,  https://api.github.com/users/anbjork/subscriptions,  https://api.github.com/users/anbjork/orgs,  https://api.github.com/users/anbjork/repos,  https://api.github.com/users/anbjork/events{/privacy,  https://api.github.com/users/anbjork/received_events,  User,  False
1435902286,https://api.github.com/repos/pandas-dev/pandas/issues/49519,https://api.github.com/repos/pandas-dev/pandas,https://api.github.com/repos/pandas-dev/pandas/issues/49519/labels{/name}, jorisvandenbossche,  1020496,  MDQ6VXNlcjEwMjA0OTY=,  https://avatars.githubusercontent.com/u/1020496?v=4,  ,  https://api.github.com/users/jorisvandenbossche,  https://github.com/jorisvandenbossche,  https://api.github.com/users/jorisvandenbossche/followers,  https://api.github.com/users/jorisvandenbossche/following{/other_user,  https://api.github.com/users/jorisvandenbossche/gists{/gist_id,  https://api.github.com/users/jorisvandenbossche/starred{/owner{/repo,  https://api.github.com/users/jorisvandenbossche/subscriptions,  https://api.github.com/users/jorisvandenbossche/orgs,  https://api.github.com/users/jorisvandenbossche/repos,  https://api.github.com/users/jorisvandenbossche/events{/privacy,  https://api.github.com/users/jorisvandenbossche/received_events,  User,  False
1435746616,https://api.github.com/repos/pandas-dev/pandas/issues/49516,https://api.github.com/repos/pandas-dev/pandas,https://api.github.com/repos/pandas-dev/pandas/issues/49516/labels{/name}, david6l34,  55838817,  MDQ6VXNlcjU1ODM4ODE3,  https://avatars.githubusercontent.com/u/55838817?v=4,  ,  https://api.github.com/users/david6l34,  https://github.com/david6l34,  https://api.github.com/users/david6l34/followers,  https://api.github.com/users/david6l34/following{/other_user,  https://api.github.com/users/david6l34/gists{/gist_id,  https://api.github.com/users/david6l34/starred{/owner{/repo,  https://api.github.com/users/david6l34/subscriptions,  https://api.github.com/users/david6l34/orgs,  https://api.github.com/users/david6l34/repos,  https://api.github.com/users/david6l34/events{/privacy,  https://api.github.com/users/david6l34/received_events,  User,  False
